
<entities xmlns:xsd="http://www.w3.org/2001/XMLSchema" xmlns:xsi="http://www.w3.org/2001/XMLSchema-instance" timestamp="20/08/2019 15:21:23">
  <entity name="ud_config" displayname="Config">
    <records>
      <record id="e31c2655-cac3-e811-a977-0022480053e9">
        <field name="ud_value" value="ValueFromVariable" />
        <field name="statuscode" value="1" />
        <field name="statecode" value="0" />
        <field name="ud_configid" value="e31c2655-cac3-e811-a977-0022480053e9" />
        <field name="ud_name" value="lookup1" />
      </record>
      <record id="e51c2655-cac3-e811-a977-0022480053e9">
        <field name="ud_value" value="secretinfo" />
        <field name="statuscode" value="1" />
        <field name="statecode" value="0" />
        <field name="ud_configid" value="e51c2655-cac3-e811-a977-0022480053e9" />
        <field name="ud_name" value="lookup3" />
      </record>
      <record id="e4baac57-cac3-e811-a977-0022480056f9">
        <field name="ud_value" value="value2" />
        <field name="statuscode" value="1" />
        <field name="statecode" value="0" />
        <field name="ud_configid" value="e4baac57-cac3-e811-a977-0022480056f9" />
        <field name="ud_name" value="lookup2" />
      </record>
    </records>
    <m2mrelationships />
  </entity>
</entities>