<ImportExportXml version="9.2.23031.170" SolutionPackageVersion="9.2" languagecode="1033" generatedBy="CrmLive" xmlns:xsi="http://www.w3.org/2001/XMLSchema-instance">
  <SolutionManifest>
    <UniqueName>xRMCISample</UniqueName>
    <LocalizedNames>
      <LocalizedName description="xRMCISample" languagecode="1033" />
    </LocalizedNames>
    <Descriptions />
    <Version>1.0.0.18</Version>
    <Managed>0</Managed>
    <Publisher>
      <UniqueName>ultradynamics</UniqueName>
      <LocalizedNames>
        <LocalizedName description="Ultra Dynamics" languagecode="1033" />
      </LocalizedNames>
      <Descriptions />
      <EMailAddress xsi:nil="true"></EMailAddress>
      <SupportingWebsiteUrl xsi:nil="true"></SupportingWebsiteUrl>
      <CustomizationPrefix>ud</CustomizationPrefix>
      <CustomizationOptionValuePrefix>89915</CustomizationOptionValuePrefix>
      <Addresses>
        <Address>
          <AddressNumber>1</AddressNumber>
          <AddressTypeCode>1</AddressTypeCode>
          <City xsi:nil="true"></City>
          <County xsi:nil="true"></County>
          <Country xsi:nil="true"></Country>
          <Fax xsi:nil="true"></Fax>
          <FreightTermsCode xsi:nil="true"></FreightTermsCode>
          <ImportSequenceNumber xsi:nil="true"></ImportSequenceNumber>
          <Latitude xsi:nil="true"></Latitude>
          <Line1 xsi:nil="true"></Line1>
          <Line2 xsi:nil="true"></Line2>
          <Line3 xsi:nil="true"></Line3>
          <Longitude xsi:nil="true"></Longitude>
          <Name xsi:nil="true"></Name>
          <PostalCode xsi:nil="true"></PostalCode>
          <PostOfficeBox xsi:nil="true"></PostOfficeBox>
          <PrimaryContactName xsi:nil="true"></PrimaryContactName>
          <ShippingMethodCode>1</ShippingMethodCode>
          <StateOrProvince xsi:nil="true"></StateOrProvince>
          <Telephone1 xsi:nil="true"></Telephone1>
          <Telephone2 xsi:nil="true"></Telephone2>
          <Telephone3 xsi:nil="true"></Telephone3>
          <TimeZoneRuleVersionNumber xsi:nil="true"></TimeZoneRuleVersionNumber>
          <UPSZone xsi:nil="true"></UPSZone>
          <UTCOffset xsi:nil="true"></UTCOffset>
          <UTCConversionTimeZoneCode xsi:nil="true"></UTCConversionTimeZoneCode>
        </Address>
        <Address>
          <AddressNumber>2</AddressNumber>
          <AddressTypeCode>1</AddressTypeCode>
          <City xsi:nil="true"></City>
          <County xsi:nil="true"></County>
          <Country xsi:nil="true"></Country>
          <Fax xsi:nil="true"></Fax>
          <FreightTermsCode xsi:nil="true"></FreightTermsCode>
          <ImportSequenceNumber xsi:nil="true"></ImportSequenceNumber>
          <Latitude xsi:nil="true"></Latitude>
          <Line1 xsi:nil="true"></Line1>
          <Line2 xsi:nil="true"></Line2>
          <Line3 xsi:nil="true"></Line3>
          <Longitude xsi:nil="true"></Longitude>
          <Name xsi:nil="true"></Name>
          <PostalCode xsi:nil="true"></PostalCode>
          <PostOfficeBox xsi:nil="true"></PostOfficeBox>
          <PrimaryContactName xsi:nil="true"></PrimaryContactName>
          <ShippingMethodCode>1</ShippingMethodCode>
          <StateOrProvince xsi:nil="true"></StateOrProvince>
          <Telephone1 xsi:nil="true"></Telephone1>
          <Telephone2 xsi:nil="true"></Telephone2>
          <Telephone3 xsi:nil="true"></Telephone3>
          <TimeZoneRuleVersionNumber xsi:nil="true"></TimeZoneRuleVersionNumber>
          <UPSZone xsi:nil="true"></UPSZone>
          <UTCOffset xsi:nil="true"></UTCOffset>
          <UTCConversionTimeZoneCode xsi:nil="true"></UTCConversionTimeZoneCode>
        </Address>
      </Addresses>
    </Publisher>
    <RootComponents>
      <RootComponent type="1" schemaName="contact" behavior="1" />
      <RootComponent type="1" schemaName="new_xrmbpf" behavior="0" />
      <RootComponent type="1" schemaName="ud_referencedata" behavior="0" />
      <RootComponent type="29" id="{8851d4a1-7aeb-48dc-afa3-0e6f27de04b2}" behavior="0" />
      <RootComponent type="29" id="{b9e97e71-bf66-48d9-942a-e13a000b827c}" behavior="0" />
      <RootComponent type="29" id="{bbba6fa1-4ab2-ea11-a812-002248005e55}" behavior="0" />
      <RootComponent type="29" id="{c7127485-3c41-eb11-a813-000d3a0cc0cf}" behavior="0" />
      <RootComponent type="60" id="{db0c65f9-62d8-ec11-a7b5-000d3a8740d3}" />
      <RootComponent type="60" id="{fd044ffe-5fd8-ec11-a7b5-000d3a8740d3}" behavior="0" />
      <RootComponent type="61" schemaName="ud_/HTML/Dashboard.html" behavior="0" />
      <RootComponent type="61" schemaName="ud_/Images/logo.png" behavior="0" />
      <RootComponent type="61" schemaName="ud_/JScript/Contact.js" behavior="0" />
      <RootComponent type="62" schemaName="ud_xRMCISample" behavior="0" />
      <RootComponent type="80" schemaName="ud_xRMCISample" behavior="0" />
      <RootComponent type="91" id="{e091c0c0-2d49-e811-a957-0022480050c6}" schemaName="Xrm.CI.Framework.Sample.Plugins, Version=1.0.0.0, Culture=neutral, PublicKeyToken=c720feec9a542abf" behavior="0" />
      <RootComponent type="91" id="{ca934c19-3a47-e811-a956-00224800510b}" schemaName="Xrm.CI.Framework.Sample.WFActivities, Version=1.0.0.0, Culture=neutral, PublicKeyToken=d805730d823d6a57" behavior="0" />
      <RootComponent type="92" id="{1269d7d8-c4aa-e811-a974-0022480050c6}" behavior="0" />
      <RootComponent type="92" id="{636afac1-2d49-e811-a957-0022480053e9}" behavior="0" />
      <RootComponent type="92" id="{bbffd4c1-2d49-e811-a956-00224800510b}" behavior="0" />
      <RootComponent type="92" id="{f26f9906-b428-4438-a829-ffdada6cb690}" behavior="0" />
      <RootComponent type="92" id="{fb3e63a1-c4b6-e811-a976-0022480050c6}" behavior="0" />
      <RootComponent type="95" id="{53d53d7d-c4b6-e811-a977-002248005d88}" behavior="0" />
      <RootComponent type="300" schemaName="ud_xrmcisampleapp_f44c0" behavior="0" />
    </RootComponents>
    <MissingDependencies>
      <MissingDependency>
        <Required type="1" schemaName="ud_config" displayName="Config" solution="Active" />
        <Dependent type="62" schemaName="ud_xRMCISample" />
      </MissingDependency>
      <MissingDependency>
        <Required type="1" schemaName="ud_config" displayName="Config" solution="Active" />
        <Dependent type="80" schemaName="ud_xRMCISample" displayName="xRMCISample" />
      </MissingDependency>
      <MissingDependency>
        <Required type="61" schemaName="msdyn_/Images/AppModule_Default_Icon.png" displayName="msdyn_/Images/AppModule_Default_Icon.png" solution="AppModuleWebResources (2.5)" />
        <Dependent type="80" schemaName="ud_xRMCISample" displayName="xRMCISample" />
      </MissingDependency>
    </MissingDependencies>
  </SolutionManifest>
</ImportExportXml>