<environmentvariabledefinition schemaname="ud_SampleSwitch">
  <defaultvalue>no</defaultvalue>
  <description default="Sample Switch">
    <label description="Sample Switch" languagecode="1033" />
  </description>
  <displayname default="SampleSwitch">
    <label description="SampleSwitch" languagecode="1033" />
  </displayname>
  <introducedversion>1.0.0.59</introducedversion>
  <iscustomizable>1</iscustomizable>
  <isrequired>0</isrequired>
  <type>100000002</type>
</environmentvariabledefinition>