<entities >
  <entity name="ud_config" displayname="Config" etc="10008" primaryidfield="ud_configid" primarynamefield="ud_name" disableplugins="false">
    <fields>
      <field displayname="Value" name="ud_value" type="string" customfield="true" />
      <field displayname="Status Reason" name="statuscode" type="status" />
      <field displayname="Status" name="statecode" type="state" />
      <field displayname="Config" name="ud_configid" type="guid" primaryKey="true" />
      <field updateCompare="true" displayname="Name" name="ud_name" type="string" customfield="true" />
    </fields>
  </entity>
</entities>