{
  "properties": {
    "connectionReferences": {
      "shared_commondataserviceforapps": {
        "runtimeSource": "embedded",
        "connection": {
          "connectionReferenceLogicalName": "ud_sharedcommondataserviceforapps_7a6b8"
        },
        "api": {
          "name": "shared_commondataserviceforapps"
        }
      }
    },
    "definition": {
      "$schema": "https://schema.management.azure.com/providers/Microsoft.Logic/schemas/2016-06-01/workflowdefinition.json#",
      "contentVersion": "1.0.0.0",
      "parameters": {
        "$connections": {
          "defaultValue": {},
          "type": "Object"
        },
        "$authentication": {
          "defaultValue": {},
          "type": "SecureObject"
        },
        "SampleSwitch (ud_SampleSwitch)": {
          "defaultValue": false,
          "type": "Bool",
          "metadata": {
            "schemaName": "ud_SampleSwitch",
            "description": "Sample Switch"
          }
        }
      },
      "triggers": {
        "When_a_contact_is_created": {
          "metadata": {
            "operationMetadataId": "8c05fb50-9bcc-48cf-9682-bb0001cd9aff"
          },
          "type": "OpenApiConnectionWebhook",
          "inputs": {
            "host": {
              "connectionName": "shared_commondataserviceforapps",
              "operationId": "SubscribeWebhookTrigger",
              "apiId": "/providers/Microsoft.PowerApps/apis/shared_commondataserviceforapps"
            },
            "parameters": {
              "subscriptionRequest/message": 1,
              "subscriptionRequest/entityname": "contact",
              "subscriptionRequest/scope": 4
            },
            "authentication": "@parameters('$authentication')"
          }
        }
      },
      "actions": {
        "Create_a_new_task": {
          "runAfter": {},
          "metadata": {
            "operationMetadataId": "87732e2a-ee4f-454d-a913-02298055d35f"
          },
          "type": "OpenApiConnection",
          "inputs": {
            "host": {
              "connectionName": "shared_commondataserviceforapps",
              "operationId": "CreateRecord",
              "apiId": "/providers/Microsoft.PowerApps/apis/shared_commondataserviceforapps"
            },
            "parameters": {
              "entityName": "tasks",
              "item/subject": "Task relating to contact",
              "item/description": "@parameters('SampleSwitch (ud_SampleSwitch)')",
              "item/regardingobjectid_contact_task@odata.bind": "contacts(@{triggerOutputs()?['body/contactid']})"
            },
            "authentication": "@parameters('$authentication')"
          }
        }
      },
      "outputs": {}
    },
    "templateName": ""
  },
  "schemaVersion": "1.0.0.0"
}