<environmentvariabledefinition schemaname="ud_SampleDecimal">
  <defaultvalue>10</defaultvalue>
  <description default="Sample Decimal">
    <label description="Sample Decimal" languagecode="1033" />
  </description>
  <displayname default="SampleDecimal">
    <label description="SampleDecimal" languagecode="1033" />
  </displayname>
  <introducedversion>1.0.0.59</introducedversion>
  <iscustomizable>1</iscustomizable>
  <isrequired>0</isrequired>
  <type>100000001</type>
</environmentvariabledefinition>